{
    "上海市":[121.4878995,31.24916171],
    "临沧市":[100.0926129,23.8878061],
    "丽江市":[100.2296284,26.87535109],
    "保山市":[99.17799561,25.1204892],
    "大理白族自治州":[100.2236748,25.59689964],
    "德宏傣族景颇族自治州":[98.58943429,24.44123966],
    "怒江傈僳族自治州":[98.85993204,25.86067698],
    "文山壮族苗族自治州":[104.2462943,23.37408685],
    "昆明市":[102.7146011,25.0491531],
    "昭通市":[103.7250207,27.34063296],
    "普洱市":[100.9800577,22.78877778],
    "曲靖市":[103.7825389,25.52075814],
    "楚雄彝族自治州":[101.5293822,25.06635567],
    "玉溪市":[102.5450679,24.37044713],
    "红河哈尼族彝族自治州":[103.3840648,23.36771752],
    "西双版纳傣族自治州":[100.8030383,22.009433],
    "迪庆藏族自治州":[99.7136816,27.83102946],
    "乌兰察布市":[113.1128464,41.02236295],
    "乌海市":[106.8319991,39.68317701],
    "兴安盟":[122.0481665,46.08375707],
    "包头市":[109.8462385,40.64711943],
    "呼伦贝尔市":[119.7608218,49.20163605],
    "呼和浩特市":[111.6603505,40.82831887],
    "巴彦淖尔市":[107.4238067,40.7691799],
    "赤峰市":[118.9307612,42.29711232],
    "通辽市":[122.2603633,43.63375607],
    "鄂尔多斯市":[109.9937063,39.81648956],
    "锡林郭勒盟":[116.0273397,43.93970484],
    "阿拉善盟":[105.6956829,38.84307526],
    "北京市":[116.395645,39.92998578],
    "台中市":[119.3376341,26.09119371],
    "台北市":[114.1304744,22.37483293],
    "台南市":[121.3605259,38.96584479],
    "嘉义市":[114.2467013,22.72886572],
    "高雄市":[111.5909528,21.94648225],
    "吉林市":[126.564544,43.87198833],
    "四平市":[124.3913821,43.1755247],
    "延边朝鲜族自治州":[129.485902,42.8964136],
    "松原市":[124.8329945,45.13604897],
    "白城市":[122.8407767,45.62108628],
    "白山市":[126.4357977,41.9458594],
    "辽源市":[125.1336861,42.92330262],
    "通化市":[125.9426501,41.73639713],
    "长春市":[125.3136424,43.89833761],
    "乐山市":[103.7608242,29.60095761],
    "内江市":[105.073056,29.59946153],
    "凉山彝族自治州":[102.2595908,27.8923929],
    "南充市":[106.105554,30.80096517],
    "宜宾市":[104.6330191,28.7696748],
    "巴中市":[106.7579158,31.86918916],
    "广元市":[105.8196869,32.44104016],
    "广安市":[106.6357203,30.46398389],
    "德阳市":[104.4023978,31.13113965],
    "成都市":[104.0679235,30.67994285],
    "攀枝花市":[101.7224232,26.58757126],
    "泸州市":[105.4439703,28.8959298],
    "甘孜藏族自治州":[101.9692321,30.05514411],
    "眉山市":[103.8414296,30.06111508],
    "绵阳市":[104.705519,31.50470126],
    "自贡市":[104.7760713,29.35915689],
    "资阳市":[104.6359303,30.13219143],
    "达州市":[107.4949734,31.21419886],
    "遂宁市":[105.5648878,30.55749135],
    "阿坝藏族羌族自治州":[102.2285647,31.90576286],
    "雅安市":[103.0093565,29.99971634],
    "天津市":[117.2108131,39.1439299],
    "中卫市":[105.1967542,37.52112419],
    "吴忠市":[106.2082542,37.993561],
    "固原市":[106.285268,36.02152348],
    "石嘴山市":[106.3793372,39.02022328],
    "银川市":[106.2064786,38.50262101],
    "亳州市":[115.7879282,33.87121057],
    "六安市":[116.5052527,31.75555836],
    "合肥市":[117.2826991,31.86694226],
    "安庆市":[117.0587388,30.53789782],
    "宣城市":[118.7520963,30.95164235],
    "宿州市":[116.9886924,33.63677239],
    "池州市":[117.4944768,30.66001925],
    "淮北市":[116.7914474,33.96002331],
    "淮南市":[117.0186389,32.64281182],
    "滁州市":[118.3245704,32.3173506],
    "芜湖市":[118.3841084,31.36601979],
    "蚌埠市":[117.3570799,32.92949891],
    "铜陵市":[117.8194287,30.94092969],
    "阜阳市":[115.8209323,32.90121133],
    "马鞍山市":[118.5158818,31.68852816],
    "黄山市":[118.2935696,29.73443486],
    "东营市":[118.5839263,37.48712116],
    "临沂市":[118.3407682,35.07240907],
    "威海市":[122.0939584,37.52878708],
    "德州市":[116.3281614,37.46082593],
    "日照市":[119.5071799,35.42022519],
    "枣庄市":[117.2793054,34.80788308],
    "泰安市":[117.0894149,36.18807776],
    "济南市":[117.0249671,36.68278473],
    "济宁市":[116.6007976,35.40212166],
    "淄博市":[118.0591343,36.80468485],
    "滨州市":[117.9682924,37.40531394],
    "潍坊市":[119.1426338,36.71611487],
    "烟台市":[121.309555,37.53656156],
    "聊城市":[115.9868691,36.45582851],
    "莱芜市":[117.6846669,36.23365413],
    "菏泽市":[115.4633598,35.2624405],
    "青岛市":[120.3844282,36.1052149],
    "临汾市":[111.5387876,36.09974544],
    "吕梁市":[111.1431566,37.5273161],
    "大同市":[113.2905087,40.1137445],
    "太原市":[112.5508636,37.89027705],
    "忻州市":[112.7279388,38.46103057],
    "晋中市":[112.7385144,37.69336153],
    "晋城市":[112.8673328,35.49983447],
    "朔州市":[112.4799277,39.33767197],
    "运城市":[111.0068537,35.03885948],
    "长治市":[113.1202921,36.20166439],
    "阳泉市":[113.5692376,37.86952949],
    "东莞市":[113.763434,23.04302382],
    "中山市":[113.42206,22.54517751],
    "云浮市":[112.050946,22.93797569],
    "佛山市":[113.1340256,23.03509484],
    "广州市":[113.3076497,23.1200491],
    "惠州市":[114.4106581,23.11353985],
    "揭阳市":[116.3795009,23.54799947],
    "梅州市":[116.1264031,24.30457061],
    "汕头市":[116.7286503,23.38390845],
    "汕尾市":[115.3729243,22.7787305],
    "江门市":[113.0781253,22.57511678],
    "河源市":[114.7137215,23.75725085],
    "深圳市":[114.0259737,22.54605355],
    "清远市":[113.0407733,23.69846855],
    "湛江市":[110.3650673,21.2574631],
    "潮州市":[116.630076,23.66181168],
    "珠海市":[113.562447,22.25691465],
    "肇庆市":[112.4796534,23.07866328],
    "茂名市":[110.9312453,21.66822572],
    "阳江市":[111.9770098,21.8715173],
    "韶关市":[113.5944611,24.80296031],
    "北海市":[109.1226279,21.47271824],
    "南宁市":[108.2972336,22.80649294],
    "崇左市":[107.357322,22.4154553],
    "来宾市":[109.2318165,23.74116593],
    "柳州市":[109.4224018,24.32905335],
    "桂林市":[110.2609201,25.26290125],
    "梧州市":[111.305472,23.48539464],
    "河池市":[108.0699477,24.69952078],
    "玉林市":[110.1516763,22.64397361],
    "百色市":[106.6318214,23.90151237],
    "贵港市":[109.6137076,23.10337316],
    "贺州市":[111.5525942,24.41105355],
    "钦州市":[108.6387981,21.97335047],
    "防城港市":[108.3517912,21.61739847],
    "乌鲁木齐市":[87.56498774,43.84038035],
    "伊犁哈萨克自治州":[81.29785353,43.9222481],
    "克孜勒苏柯尔克孜自治州":[76.13756448,39.75034558],
    "克拉玛依市":[84.88118019,45.59433107],
    "博尔塔拉蒙古自治州":[82.05243627,44.91365137],
    "吐鲁番地区":[89.18159487,42.96047002],
    "和田地区":[79.93023864,37.11677449],
    "哈密地区":[93.52835509,42.85859633],
    "喀什地区":[75.99297327,39.47062719],
    "塔城地区":[82.97488058,46.75868363],
    "昌吉回族自治州":[87.29603813,44.0070579],
    "自治区直辖":[85.61489934,42.12700096],
    "阿克苏地区":[80.26984618,41.1717309],
    "阿勒泰地区":[88.13791549,47.83974449],
    "南京市":[118.7780744,32.0572355],
    "南通市":[120.873801,32.01466454],
    "宿迁市":[118.2968934,33.95204973],
    "常州市":[119.981861,31.77139674],
    "徐州市":[117.1881066,34.27155343],
    "扬州市":[119.4277776,32.40850525],
    "无锡市":[120.3054559,31.57003745],
    "泰州市":[119.919606,32.47605327],
    "淮安市":[119.0301864,33.60651274],
    "盐城市":[120.1488718,33.37986188],
    "苏州市":[120.6199071,31.31798737],
    "连云港市":[119.1738722,34.60154897],
    "镇江市":[119.4558354,32.20440944],
    "上饶市":[117.9554639,28.45762255],
    "九江市":[115.999848,29.71963953],
    "南昌市":[115.8935275,28.689578],
    "吉安市":[114.9920387,27.11384765],
    "宜春市":[114.4000387,27.8111299],
    "抚州市":[116.3609189,27.95454517],
    "新余市":[114.9471174,27.82232156],
    "景德镇市":[117.1865226,29.30356277],
    "萍乡市":[113.859917,27.63954422],
    "赣州市":[114.9359091,25.84529554],
    "鹰潭市":[117.0354502,28.2413096],
    "保定市":[115.4948102,38.88656455],
    "唐山市":[118.1834506,39.65053092],
    "廊坊市":[116.7036022,39.51861063],
    "张家口市":[114.8937815,40.81118849],
    "承德市":[117.9338225,40.99252105],
    "沧州市":[116.8638065,38.29761535],
    "石家庄市":[114.5220818,38.04895831],
    "秦皇岛市":[119.6043676,39.94546157],
    "衡水市":[115.6862287,37.74692905],
    "邢台市":[114.5204868,37.0695312],
    "邯郸市":[114.4826939,36.60930793],
    "三门峡市":[111.1812621,34.78331994],
    "信阳市":[114.085491,32.12858231],
    "南阳市":[112.5428419,33.01141957],
    "周口市":[114.6541019,33.62374082],
    "商丘市":[115.6418857,34.43858864],
    "安阳市":[114.3518065,36.11026672],
    "平顶山市":[113.300849,33.74530146],
    "开封市":[114.3516421,34.80185418],
    "新乡市":[113.9126902,35.30725756],
    "洛阳市":[112.4475248,34.65736782],
    "漯河市":[114.0460614,33.57627869],
    "濮阳市":[115.0266274,35.75329789],
    "焦作市":[113.2118359,35.23460756],
    "省直辖":[113.4868041,34.15718377],
    "许昌市":[113.8353125,34.02673959],